Run,Assay Type,AvgSpotLen,Bases,BioProject,BioSample,Bytes,Center Name,Collection_Date,Consent,DATASTORE filetype,DATASTORE provider,DATASTORE region,Experiment,genotype,geo_loc_name_country,geo_loc_name_country_continent,geo_loc_name,Instrument,Library Name,LibraryLayout,LibrarySelection,LibrarySource,Organism,Platform,ReleaseDate,create_date,version,Sample Name,source_name,SRA Study,tissue,treatment
SRR25360840,RNA-Seq,300,6350337000,PRJNA996630,SAMN36630201,2030649086,"LSC 312, CHRISTOPHER S. BOND LIFE SCIENCES CENTER, THE DIVISION OF PLANT SCIENCES AND TECHNOLOGY",missing,public,"run.zq,fastq,sra","gs,s3,ncbi","ncbi.public,s3.us-east-1,gs.us-east1",SRX21100303,Magellan,uncalculated,uncalculated,missing,NextSeq 500,GSM7653622,PAIRED,cDNA,TRANSCRIPTOMIC,Glycine max,ILLUMINA,2023-07-23T00:00:00Z,2023-07-20T10:03:00Z,1,GSM7653622,flowers,SRP450502,flowers,Salinity+water deficit+low phosphate
SRR25360841,RNA-Seq,300,6257080800,PRJNA996630,SAMN36630202,2007269802,"LSC 312, CHRISTOPHER S. BOND LIFE SCIENCES CENTER, THE DIVISION OF PLANT SCIENCES AND TECHNOLOGY",missing,public,"fastq,run.zq,sra","s3,gs,ncbi","gs.us-east1,ncbi.public,s3.us-east-1",SRX21100302,Magellan,uncalculated,uncalculated,missing,NextSeq 500,GSM7653621,PAIRED,cDNA,TRANSCRIPTOMIC,Glycine max,ILLUMINA,2023-07-23T00:00:00Z,2023-07-20T10:07:00Z,1,GSM7653621,flowers,SRP450502,flowers,Salinity+acidity+low phosphate
SRR25360842,RNA-Seq,300,6030444900,PRJNA996630,SAMN36630203,1933189887,"LSC 312, CHRISTOPHER S. BOND LIFE SCIENCES CENTER, THE DIVISION OF PLANT SCIENCES AND TECHNOLOGY",missing,public,"run.zq,fastq,sra","ncbi,gs,s3","gs.us-east1,ncbi.public,s3.us-east-1",SRX21100301,Magellan,uncalculated,uncalculated,missing,NextSeq 500,GSM7653620,PAIRED,cDNA,TRANSCRIPTOMIC,Glycine max,ILLUMINA,2023-07-23T00:00:00Z,2023-07-20T10:07:00Z,1,GSM7653620,flowers,SRP450502,flowers,Salinity+acidity+low phosphate
SRR25360844,RNA-Seq,300,6649962300,PRJNA996630,SAMN36630205,2104084413,"LSC 312, CHRISTOPHER S. BOND LIFE SCIENCES CENTER, THE DIVISION OF PLANT SCIENCES AND TECHNOLOGY",missing,public,"sra,run.zq,fastq","s3,gs,ncbi","s3.us-east-1,gs.us-east1,ncbi.public",SRX21100299,Magellan,uncalculated,uncalculated,missing,NextSeq 500,GSM7653618,PAIRED,cDNA,TRANSCRIPTOMIC,Glycine max,ILLUMINA,2023-07-23T00:00:00Z,2023-07-20T10:06:00Z,1,GSM7653618,flowers,SRP450502,flowers,Salinity+acidity+water deficit
SRR25360845,RNA-Seq,300,7803978900,PRJNA996630,SAMN36630206,2474602104,"LSC 312, CHRISTOPHER S. BOND LIFE SCIENCES CENTER, THE DIVISION OF PLANT SCIENCES AND TECHNOLOGY",missing,public,"sra,fastq,run.zq","gs,s3,ncbi","gs.us-east1,s3.us-east-1,ncbi.public",SRX21100298,Magellan,uncalculated,uncalculated,missing,NextSeq 500,GSM7653617,PAIRED,cDNA,TRANSCRIPTOMIC,Glycine max,ILLUMINA,2023-07-23T00:00:00Z,2023-07-20T10:06:00Z,1,GSM7653617,flowers,SRP450502,flowers,Salinity+acidity+water deficit
SRR25360850,RNA-Seq,300,6003700800,PRJNA996630,SAMN36630211,1921440234,"LSC 312, CHRISTOPHER S. BOND LIFE SCIENCES CENTER, THE DIVISION OF PLANT SCIENCES AND TECHNOLOGY",missing,public,"fastq,sra,run.zq","s3,ncbi,gs","ncbi.public,gs.us-east1,s3.us-east-1",SRX21100293,Magellan,uncalculated,uncalculated,missing,NextSeq 500,GSM7653612,PAIRED,cDNA,TRANSCRIPTOMIC,Glycine max,ILLUMINA,2023-07-23T00:00:00Z,2023-07-20T10:10:00Z,1,GSM7653612,flowers,SRP450502,flowers,Acidity+low phosphate
SRR25360866,RNA-Seq,300,6360453900,PRJNA996630,SAMN36630227,2037154663,"LSC 312, CHRISTOPHER S. BOND LIFE SCIENCES CENTER, THE DIVISION OF PLANT SCIENCES AND TECHNOLOGY",missing,public,"run.zq,sra,fastq","ncbi,s3,gs","ncbi.public,s3.us-east-1,gs.us-east1",SRX21100277,Magellan,uncalculated,uncalculated,missing,NextSeq 500,GSM7653596,PAIRED,cDNA,TRANSCRIPTOMIC,Glycine max,ILLUMINA,2023-07-23T00:00:00Z,2023-07-20T10:03:00Z,1,GSM7653596,flowers,SRP450502,flowers,Cadmium (300 uM CdCl2)
SRR25360877,RNA-Seq,300,7242692700,PRJNA996630,SAMN36630238,2365028154,"LSC 312, CHRISTOPHER S. BOND LIFE SCIENCES CENTER, THE DIVISION OF PLANT SCIENCES AND TECHNOLOGY",missing,public,"fastq,sra,run.zq","gs,ncbi,s3","s3.us-east-1,gs.us-east1,ncbi.public",SRX21100266,Magellan,uncalculated,uncalculated,missing,NextSeq 500,GSM7653585,PAIRED,cDNA,TRANSCRIPTOMIC,Glycine max,ILLUMINA,2023-07-23T00:00:00Z,2023-07-20T10:06:00Z,1,GSM7653585,flowers,SRP450502,flowers,Salinity (15 mM NaCl)
SRR25360888,RNA-Seq,300,6912633600,PRJNA996630,SAMN36630249,2314673322,"LSC 312, CHRISTOPHER S. BOND LIFE SCIENCES CENTER, THE DIVISION OF PLANT SCIENCES AND TECHNOLOGY",missing,public,"run.zq,sra,fastq","ncbi,s3,gs","ncbi.public,gs.us-east1,s3.us-east-1",SRX21100255,Magellan,uncalculated,uncalculated,missing,NextSeq 500,GSM7653574,PAIRED,cDNA,TRANSCRIPTOMIC,Glycine max,ILLUMINA,2023-07-23T00:00:00Z,2023-07-20T10:06:00Z,1,GSM7653574,leaves,SRP450502,leaves,Acidity+water deficit+low phosphate+salinity
SRR25360889,RNA-Seq,300,6759264300,PRJNA996630,SAMN36630250,2325057554,"LSC 312, CHRISTOPHER S. BOND LIFE SCIENCES CENTER, THE DIVISION OF PLANT SCIENCES AND TECHNOLOGY",missing,public,"fastq,sra,run.zq","s3,gs,ncbi","ncbi.public,s3.us-east-1,gs.us-east1",SRX21100254,Magellan,uncalculated,uncalculated,missing,NextSeq 500,GSM7653573,PAIRED,cDNA,TRANSCRIPTOMIC,Glycine max,ILLUMINA,2023-07-23T00:00:00Z,2023-07-20T10:08:00Z,1,GSM7653573,leaves,SRP450502,leaves,Acidity+water deficit+low phosphate
SRR25360890,RNA-Seq,300,6845819100,PRJNA996630,SAMN36630251,2293188014,"LSC 312, CHRISTOPHER S. BOND LIFE SCIENCES CENTER, THE DIVISION OF PLANT SCIENCES AND TECHNOLOGY",missing,public,"sra,run.zq,fastq","ncbi,gs,s3","s3.us-east-1,gs.us-east1,ncbi.public",SRX21100253,Magellan,uncalculated,uncalculated,missing,NextSeq 500,GSM7653572,PAIRED,cDNA,TRANSCRIPTOMIC,Glycine max,ILLUMINA,2023-07-23T00:00:00Z,2023-07-20T10:04:00Z,1,GSM7653572,leaves,SRP450502,leaves,Acidity+water deficit+low phosphate
SRR25360891,RNA-Seq,300,6044707200,PRJNA996630,SAMN36630252,2039772450,"LSC 312, CHRISTOPHER S. BOND LIFE SCIENCES CENTER, THE DIVISION OF PLANT SCIENCES AND TECHNOLOGY",missing,public,"run.zq,fastq,sra","gs,s3,ncbi","gs.us-east1,s3.us-east-1,ncbi.public",SRX21100252,Magellan,uncalculated,uncalculated,missing,NextSeq 500,GSM7653571,PAIRED,cDNA,TRANSCRIPTOMIC,Glycine max,ILLUMINA,2023-07-23T00:00:00Z,2023-07-20T10:07:00Z,1,GSM7653571,leaves,SRP450502,leaves,Acidity+water deficit+low phosphate
SRR25360892,RNA-Seq,300,7588684500,PRJNA996630,SAMN36630253,2605434954,"LSC 312, CHRISTOPHER S. BOND LIFE SCIENCES CENTER, THE DIVISION OF PLANT SCIENCES AND TECHNOLOGY",missing,public,"fastq,run.zq,sra","gs,s3,ncbi","s3.us-east-1,ncbi.public,gs.us-east1",SRX21100251,Magellan,uncalculated,uncalculated,missing,NextSeq 500,GSM7653570,PAIRED,cDNA,TRANSCRIPTOMIC,Glycine max,ILLUMINA,2023-07-23T00:00:00Z,2023-07-20T10:07:00Z,1,GSM7653570,leaves,SRP450502,leaves,Salinity+water deficit+low phosphate
SRR25360893,RNA-Seq,300,6623652300,PRJNA996630,SAMN36630254,2250077932,"LSC 312, CHRISTOPHER S. BOND LIFE SCIENCES CENTER, THE DIVISION OF PLANT SCIENCES AND TECHNOLOGY",missing,public,"run.zq,fastq,sra","gs,ncbi,s3","s3.us-east-1,gs.us-east1,ncbi.public",SRX21100250,Magellan,uncalculated,uncalculated,missing,NextSeq 500,GSM7653569,PAIRED,cDNA,TRANSCRIPTOMIC,Glycine max,ILLUMINA,2023-07-23T00:00:00Z,2023-07-20T10:09:00Z,1,GSM7653569,leaves,SRP450502,leaves,Salinity+water deficit+low phosphate
SRR25360899,RNA-Seq,300,6151245600,PRJNA996630,SAMN36630260,2056735854,"LSC 312, CHRISTOPHER S. BOND LIFE SCIENCES CENTER, THE DIVISION OF PLANT SCIENCES AND TECHNOLOGY",missing,public,"fastq,sra,run.zq","ncbi,s3,gs","s3.us-east-1,ncbi.public,gs.us-east1",SRX21100244,Magellan,uncalculated,uncalculated,missing,NextSeq 500,GSM7653563,PAIRED,cDNA,TRANSCRIPTOMIC,Glycine max,ILLUMINA,2023-07-23T00:00:00Z,2023-07-20T10:06:00Z,1,GSM7653563,leaves,SRP450502,leaves,Salinity+acidity+water deficit
SRR25360900,RNA-Seq,300,7379612400,PRJNA996630,SAMN36630261,2497021720,"LSC 312, CHRISTOPHER S. BOND LIFE SCIENCES CENTER, THE DIVISION OF PLANT SCIENCES AND TECHNOLOGY",missing,public,"run.zq,fastq,sra","gs,s3,ncbi","s3.us-east-1,ncbi.public,gs.us-east1",SRX21100243,Magellan,uncalculated,uncalculated,missing,NextSeq 500,GSM7653562,PAIRED,cDNA,TRANSCRIPTOMIC,Glycine max,ILLUMINA,2023-07-23T00:00:00Z,2023-07-20T10:07:00Z,1,GSM7653562,leaves,SRP450502,leaves,Salinity+acidity+water deficit
SRR25360903,RNA-Seq,300,6807730800,PRJNA996630,SAMN36630264,2292551709,"LSC 312, CHRISTOPHER S. BOND LIFE SCIENCES CENTER, THE DIVISION OF PLANT SCIENCES AND TECHNOLOGY",missing,public,"fastq,run.zq,sra","s3,ncbi,gs","gs.us-east1,ncbi.public,s3.us-east-1",SRX21100240,Magellan,uncalculated,uncalculated,missing,NextSeq 500,GSM7653559,PAIRED,cDNA,TRANSCRIPTOMIC,Glycine max,ILLUMINA,2023-07-23T00:00:00Z,2023-07-20T10:06:00Z,1,GSM7653559,leaves,SRP450502,leaves,Low phosphate+water deficit
SRR25360905,RNA-Seq,300,6967598400,PRJNA996630,SAMN36630266,2344898998,"LSC 312, CHRISTOPHER S. BOND LIFE SCIENCES CENTER, THE DIVISION OF PLANT SCIENCES AND TECHNOLOGY",missing,public,"fastq,run.zq,sra","gs,ncbi,s3","s3.us-east-1,ncbi.public,gs.us-east1",SRX21100238,Magellan,uncalculated,uncalculated,missing,NextSeq 500,GSM7653557,PAIRED,cDNA,TRANSCRIPTOMIC,Glycine max,ILLUMINA,2023-07-23T00:00:00Z,2023-07-20T10:06:00Z,1,GSM7653557,leaves,SRP450502,leaves,Acidity+low phosphate
SRR25360906,RNA-Seq,300,6881810100,PRJNA996630,SAMN36630267,2317190066,"LSC 312, CHRISTOPHER S. BOND LIFE SCIENCES CENTER, THE DIVISION OF PLANT SCIENCES AND TECHNOLOGY",missing,public,"run.zq,fastq,sra","s3,ncbi,gs","gs.us-east1,s3.us-east-1,ncbi.public",SRX21100237,Magellan,uncalculated,uncalculated,missing,NextSeq 500,GSM7653556,PAIRED,cDNA,TRANSCRIPTOMIC,Glycine max,ILLUMINA,2023-07-23T00:00:00Z,2023-07-20T10:10:00Z,1,GSM7653556,leaves,SRP450502,leaves,Acidity+low phosphate
SRR25360913,RNA-Seq,300,6474723300,PRJNA996630,SAMN36630274,2231564323,"LSC 312, CHRISTOPHER S. BOND LIFE SCIENCES CENTER, THE DIVISION OF PLANT SCIENCES AND TECHNOLOGY",missing,public,"sra,run.zq,fastq","ncbi,s3,gs","gs.us-east1,ncbi.public,s3.us-east-1",SRX21100230,Magellan,uncalculated,uncalculated,missing,NextSeq 500,GSM7653549,PAIRED,cDNA,TRANSCRIPTOMIC,Glycine max,ILLUMINA,2023-07-23T00:00:00Z,2023-07-20T10:09:00Z,1,GSM7653549,leaves,SRP450502,leaves,Salinity+water deficit
SRR25360914,RNA-Seq,300,7274027100,PRJNA996630,SAMN36630275,2463076073,"LSC 312, CHRISTOPHER S. BOND LIFE SCIENCES CENTER, THE DIVISION OF PLANT SCIENCES AND TECHNOLOGY",missing,public,"fastq,run.zq,sra","gs,s3,ncbi","ncbi.public,gs.us-east1,s3.us-east-1",SRX21100229,Magellan,uncalculated,uncalculated,missing,NextSeq 500,GSM7653548,PAIRED,cDNA,TRANSCRIPTOMIC,Glycine max,ILLUMINA,2023-07-23T00:00:00Z,2023-07-20T10:08:00Z,1,GSM7653548,leaves,SRP450502,leaves,Salinity+water deficit
SRR25360915,RNA-Seq,300,6705280200,PRJNA996630,SAMN36630276,2282868695,"LSC 312, CHRISTOPHER S. BOND LIFE SCIENCES CENTER, THE DIVISION OF PLANT SCIENCES AND TECHNOLOGY",missing,public,"sra,run.zq,fastq","ncbi,s3,gs","ncbi.public,s3.us-east-1,gs.us-east1",SRX21100228,Magellan,uncalculated,uncalculated,missing,NextSeq 500,GSM7653547,PAIRED,cDNA,TRANSCRIPTOMIC,Glycine max,ILLUMINA,2023-07-23T00:00:00Z,2023-07-20T10:08:00Z,1,GSM7653547,leaves,SRP450502,leaves,Salinity+water deficit
SRR25360916,RNA-Seq,300,6745524000,PRJNA996630,SAMN36630277,2331997500,"LSC 312, CHRISTOPHER S. BOND LIFE SCIENCES CENTER, THE DIVISION OF PLANT SCIENCES AND TECHNOLOGY",missing,public,"fastq,sra,run.zq","gs,s3,ncbi","s3.us-east-1,gs.us-east1,ncbi.public",SRX21100227,Magellan,uncalculated,uncalculated,missing,NextSeq 500,GSM7653546,PAIRED,cDNA,TRANSCRIPTOMIC,Glycine max,ILLUMINA,2023-07-23T00:00:00Z,2023-07-20T10:18:00Z,1,GSM7653546,leaves,SRP450502,leaves,Salinity+acidity
SRR25360917,RNA-Seq,300,6808357500,PRJNA996630,SAMN36630278,2352723499,"LSC 312, CHRISTOPHER S. BOND LIFE SCIENCES CENTER, THE DIVISION OF PLANT SCIENCES AND TECHNOLOGY",missing,public,"fastq,run.zq,sra","s3,gs,ncbi","ncbi.public,s3.us-east-1,gs.us-east1",SRX21100226,Magellan,uncalculated,uncalculated,missing,NextSeq 500,GSM7653545,PAIRED,cDNA,TRANSCRIPTOMIC,Glycine max,ILLUMINA,2023-07-23T00:00:00Z,2023-07-20T10:08:00Z,1,GSM7653545,leaves,SRP450502,leaves,Salinity+acidity
SRR25360918,RNA-Seq,300,6033605700,PRJNA996630,SAMN36630279,2052098969,"LSC 312, CHRISTOPHER S. BOND LIFE SCIENCES CENTER, THE DIVISION OF PLANT SCIENCES AND TECHNOLOGY",missing,public,"run.zq,fastq,sra","gs,ncbi,s3","s3.us-east-1,ncbi.public,gs.us-east1",SRX21100225,Magellan,uncalculated,uncalculated,missing,NextSeq 500,GSM7653544,PAIRED,cDNA,TRANSCRIPTOMIC,Glycine max,ILLUMINA,2023-07-23T00:00:00Z,2023-07-20T10:06:00Z,1,GSM7653544,leaves,SRP450502,leaves,Salinity+acidity
SRR25360919,RNA-Seq,300,6106056300,PRJNA996630,SAMN36630280,2095091398,"LSC 312, CHRISTOPHER S. BOND LIFE SCIENCES CENTER, THE DIVISION OF PLANT SCIENCES AND TECHNOLOGY",missing,public,"fastq,run.zq,sra","s3,ncbi,gs","ncbi.public,s3.us-east-1,gs.us-east1",SRX21100224,Magellan,uncalculated,uncalculated,missing,NextSeq 500,GSM7653543,PAIRED,cDNA,TRANSCRIPTOMIC,Glycine max,ILLUMINA,2023-07-23T00:00:00Z,2023-07-20T10:04:00Z,1,GSM7653543,leaves,SRP450502,leaves,Cadmium (300 uM CdCl2)
SRR25360932,RNA-Seq,300,6742359000,PRJNA996630,SAMN36630293,2364938779,"LSC 312, CHRISTOPHER S. BOND LIFE SCIENCES CENTER, THE DIVISION OF PLANT SCIENCES AND TECHNOLOGY",missing,public,"sra,fastq,run.zq","s3,ncbi,gs","ncbi.public,s3.us-east-1,gs.us-east1",SRX21100211,Magellan,uncalculated,uncalculated,missing,NextSeq 500,GSM7653530,PAIRED,cDNA,TRANSCRIPTOMIC,Glycine max,ILLUMINA,2023-07-23T00:00:00Z,2023-07-20T10:06:00Z,1,GSM7653530,leaves,SRP450502,leaves,Salinity (15 mM NaCl)
SRR25360933,RNA-Seq,300,7218080700,PRJNA996630,SAMN36630294,2483462179,"LSC 312, CHRISTOPHER S. BOND LIFE SCIENCES CENTER, THE DIVISION OF PLANT SCIENCES AND TECHNOLOGY",missing,public,"sra,run.zq,fastq","s3,gs,ncbi","gs.us-east1,ncbi.public,s3.us-east-1",SRX21100210,Magellan,uncalculated,uncalculated,missing,NextSeq 500,GSM7653529,PAIRED,cDNA,TRANSCRIPTOMIC,Glycine max,ILLUMINA,2023-07-23T00:00:00Z,2023-07-20T10:05:00Z,1,GSM7653529,leaves,SRP450502,leaves,Salinity (15 mM NaCl)
SRR25360934,RNA-Seq,300,6831506400,PRJNA996630,SAMN36630295,2403153978,"LSC 312, CHRISTOPHER S. BOND LIFE SCIENCES CENTER, THE DIVISION OF PLANT SCIENCES AND TECHNOLOGY",missing,public,"run.zq,fastq,sra","s3,gs,ncbi","s3.us-east-1,ncbi.public,gs.us-east1",SRX21100209,Magellan,uncalculated,uncalculated,missing,NextSeq 500,GSM7653528,PAIRED,cDNA,TRANSCRIPTOMIC,Glycine max,ILLUMINA,2023-07-23T00:00:00Z,2023-07-20T10:22:00Z,1,GSM7653528,leaves,SRP450502,leaves,No treatment
SRR25360935,RNA-Seq,300,8764247100,PRJNA996630,SAMN36630296,3079019483,"LSC 312, CHRISTOPHER S. BOND LIFE SCIENCES CENTER, THE DIVISION OF PLANT SCIENCES AND TECHNOLOGY",missing,public,"sra,fastq,run.zq","ncbi,gs,s3","s3.us-east-1,gs.us-east1,ncbi.public",SRX21100208,Magellan,uncalculated,uncalculated,missing,NextSeq 500,GSM7653527,PAIRED,cDNA,TRANSCRIPTOMIC,Glycine max,ILLUMINA,2023-07-23T00:00:00Z,2023-07-20T10:05:00Z,1,GSM7653527,leaves,SRP450502,leaves,No treatment
SRR25360829,RNA-Seq,300,6549630300,PRJNA996630,SAMN36630190,2180877327,"LSC 312, CHRISTOPHER S. BOND LIFE SCIENCES CENTER, THE DIVISION OF PLANT SCIENCES AND TECHNOLOGY",missing,public,"fastq,run.zq,sra","gs,ncbi,s3","s3.us-east-1,ncbi.public,gs.us-east1",SRX21100314,Magellan,uncalculated,uncalculated,missing,NextSeq 500,GSM7653633,PAIRED,cDNA,TRANSCRIPTOMIC,Glycine max,ILLUMINA,2023-07-23T00:00:00Z,2023-07-20T10:06:00Z,1,GSM7653633,flowers,SRP450502,flowers,Acidity+water deficit+low phosphate+salinity+cadmium
SRR25360830,RNA-Seq,300,5900059800,PRJNA996630,SAMN36630191,1873126297,"LSC 312, CHRISTOPHER S. BOND LIFE SCIENCES CENTER, THE DIVISION OF PLANT SCIENCES AND TECHNOLOGY",missing,public,"fastq,run.zq,sra","s3,gs,ncbi","gs.us-east1,ncbi.public,s3.us-east-1",SRX21100313,Magellan,uncalculated,uncalculated,missing,NextSeq 500,GSM7653632,PAIRED,cDNA,TRANSCRIPTOMIC,Glycine max,ILLUMINA,2023-07-23T00:00:00Z,2023-07-20T10:07:00Z,1,GSM7653632,flowers,SRP450502,flowers,Acidity+water deficit+low phosphate+salinity+cadmium
SRR25360831,RNA-Seq,300,6059934000,PRJNA996630,SAMN36630192,1909035213,"LSC 312, CHRISTOPHER S. BOND LIFE SCIENCES CENTER, THE DIVISION OF PLANT SCIENCES AND TECHNOLOGY",missing,public,"run.zq,sra,fastq","ncbi,gs,s3","ncbi.public,s3.us-east-1,gs.us-east1",SRX21100312,Magellan,uncalculated,uncalculated,missing,NextSeq 500,GSM7653631,PAIRED,cDNA,TRANSCRIPTOMIC,Glycine max,ILLUMINA,2023-07-23T00:00:00Z,2023-07-20T10:07:00Z,1,GSM7653631,flowers,SRP450502,flowers,Acidity+water deficit+low phosphate+salinity+cadmium
SRR25360832,RNA-Seq,300,6123142800,PRJNA996630,SAMN36630193,1945546457,"LSC 312, CHRISTOPHER S. BOND LIFE SCIENCES CENTER, THE DIVISION OF PLANT SCIENCES AND TECHNOLOGY",missing,public,"fastq,run.zq,sra","gs,ncbi,s3","s3.us-east-1,ncbi.public,gs.us-east1",SRX21100311,Magellan,uncalculated,uncalculated,missing,NextSeq 500,GSM7653630,PAIRED,cDNA,TRANSCRIPTOMIC,Glycine max,ILLUMINA,2023-07-23T00:00:00Z,2023-07-20T10:08:00Z,1,GSM7653630,flowers,SRP450502,flowers,Acidity+water deficit+low phosphate+salinity
SRR25360833,RNA-Seq,300,6216291600,PRJNA996630,SAMN36630194,1982132072,"LSC 312, CHRISTOPHER S. BOND LIFE SCIENCES CENTER, THE DIVISION OF PLANT SCIENCES AND TECHNOLOGY",missing,public,"fastq,sra,run.zq","s3,gs,ncbi","gs.us-east1,s3.us-east-1,ncbi.public",SRX21100310,Magellan,uncalculated,uncalculated,missing,NextSeq 500,GSM7653629,PAIRED,cDNA,TRANSCRIPTOMIC,Glycine max,ILLUMINA,2023-07-23T00:00:00Z,2023-07-20T10:07:00Z,1,GSM7653629,flowers,SRP450502,flowers,Acidity+water deficit+low phosphate+salinity
SRR25360834,RNA-Seq,300,6285149400,PRJNA996630,SAMN36630195,2000258491,"LSC 312, CHRISTOPHER S. BOND LIFE SCIENCES CENTER, THE DIVISION OF PLANT SCIENCES AND TECHNOLOGY",missing,public,"sra,fastq,run.zq","s3,ncbi,gs","gs.us-east1,s3.us-east-1,ncbi.public",SRX21100309,Magellan,uncalculated,uncalculated,missing,NextSeq 500,GSM7653628,PAIRED,cDNA,TRANSCRIPTOMIC,Glycine max,ILLUMINA,2023-07-23T00:00:00Z,2023-07-20T10:06:00Z,1,GSM7653628,flowers,SRP450502,flowers,Acidity+water deficit+low phosphate+salinity
SRR25360835,RNA-Seq,300,6838663200,PRJNA996630,SAMN36630196,2160287789,"LSC 312, CHRISTOPHER S. BOND LIFE SCIENCES CENTER, THE DIVISION OF PLANT SCIENCES AND TECHNOLOGY",missing,public,"run.zq,sra,fastq","gs,ncbi,s3","ncbi.public,s3.us-east-1,gs.us-east1",SRX21100308,Magellan,uncalculated,uncalculated,missing,NextSeq 500,GSM7653627,PAIRED,cDNA,TRANSCRIPTOMIC,Glycine max,ILLUMINA,2023-07-23T00:00:00Z,2023-07-20T10:04:00Z,1,GSM7653627,flowers,SRP450502,flowers,Acidity+water deficit+low phosphate
SRR25360836,RNA-Seq,300,7039088400,PRJNA996630,SAMN36630197,2242607129,"LSC 312, CHRISTOPHER S. BOND LIFE SCIENCES CENTER, THE DIVISION OF PLANT SCIENCES AND TECHNOLOGY",missing,public,"run.zq,sra,fastq","s3,gs,ncbi","gs.us-east1,s3.us-east-1,ncbi.public",SRX21100307,Magellan,uncalculated,uncalculated,missing,NextSeq 500,GSM7653626,PAIRED,cDNA,TRANSCRIPTOMIC,Glycine max,ILLUMINA,2023-07-23T00:00:00Z,2023-07-20T10:11:00Z,1,GSM7653626,flowers,SRP450502,flowers,Acidity+water deficit+low phosphate
SRR25360837,RNA-Seq,300,6532451100,PRJNA996630,SAMN36630198,2113338732,"LSC 312, CHRISTOPHER S. BOND LIFE SCIENCES CENTER, THE DIVISION OF PLANT SCIENCES AND TECHNOLOGY",missing,public,"run.zq,fastq,sra","gs,s3,ncbi","ncbi.public,gs.us-east1,s3.us-east-1",SRX21100306,Magellan,uncalculated,uncalculated,missing,NextSeq 500,GSM7653625,PAIRED,cDNA,TRANSCRIPTOMIC,Glycine max,ILLUMINA,2023-07-23T00:00:00Z,2023-07-20T10:06:00Z,1,GSM7653625,flowers,SRP450502,flowers,Acidity+water deficit+low phosphate
SRR25360838,RNA-Seq,300,6619555500,PRJNA996630,SAMN36630199,2119726029,"LSC 312, CHRISTOPHER S. BOND LIFE SCIENCES CENTER, THE DIVISION OF PLANT SCIENCES AND TECHNOLOGY",missing,public,"sra,fastq,run.zq","s3,ncbi,gs","s3.us-east-1,ncbi.public,gs.us-east1",SRX21100305,Magellan,uncalculated,uncalculated,missing,NextSeq 500,GSM7653624,PAIRED,cDNA,TRANSCRIPTOMIC,Glycine max,ILLUMINA,2023-07-23T00:00:00Z,2023-07-20T10:06:00Z,1,GSM7653624,flowers,SRP450502,flowers,Salinity+water deficit+low phosphate
SRR25360839,RNA-Seq,300,5940147900,PRJNA996630,SAMN36630200,1884848057,"LSC 312, CHRISTOPHER S. BOND LIFE SCIENCES CENTER, THE DIVISION OF PLANT SCIENCES AND TECHNOLOGY",missing,public,"run.zq,sra,fastq","ncbi,gs,s3","s3.us-east-1,ncbi.public,gs.us-east1",SRX21100304,Magellan,uncalculated,uncalculated,missing,NextSeq 500,GSM7653623,PAIRED,cDNA,TRANSCRIPTOMIC,Glycine max,ILLUMINA,2023-07-23T00:00:00Z,2023-07-20T10:09:00Z,1,GSM7653623,flowers,SRP450502,flowers,Salinity+water deficit+low phosphate
SRR25360843,RNA-Seq,300,6684918300,PRJNA996630,SAMN36630204,2120522268,"LSC 312, CHRISTOPHER S. BOND LIFE SCIENCES CENTER, THE DIVISION OF PLANT SCIENCES AND TECHNOLOGY",missing,public,"run.zq,fastq,sra","s3,gs,ncbi","ncbi.public,s3.us-east-1,gs.us-east1",SRX21100300,Magellan,uncalculated,uncalculated,missing,NextSeq 500,GSM7653619,PAIRED,cDNA,TRANSCRIPTOMIC,Glycine max,ILLUMINA,2023-07-23T00:00:00Z,2023-07-20T10:08:00Z,1,GSM7653619,flowers,SRP450502,flowers,Salinity+acidity+low phosphate
SRR25360846,RNA-Seq,300,6863763000,PRJNA996630,SAMN36630207,2192995088,"LSC 312, CHRISTOPHER S. BOND LIFE SCIENCES CENTER, THE DIVISION OF PLANT SCIENCES AND TECHNOLOGY",missing,public,"fastq,sra,run.zq","ncbi,gs,s3","s3.us-east-1,gs.us-east1,ncbi.public",SRX21100297,Magellan,uncalculated,uncalculated,missing,NextSeq 500,GSM7653616,PAIRED,cDNA,TRANSCRIPTOMIC,Glycine max,ILLUMINA,2023-07-23T00:00:00Z,2023-07-20T10:03:00Z,1,GSM7653616,flowers,SRP450502,flowers,Salinity+acidity+water deficit
SRR25360847,RNA-Seq,300,6668615400,PRJNA996630,SAMN36630208,2128877831,"LSC 312, CHRISTOPHER S. BOND LIFE SCIENCES CENTER, THE DIVISION OF PLANT SCIENCES AND TECHNOLOGY",missing,public,"fastq,sra,run.zq","ncbi,gs,s3","s3.us-east-1,gs.us-east1,ncbi.public",SRX21100296,Magellan,uncalculated,uncalculated,missing,NextSeq 500,GSM7653615,PAIRED,cDNA,TRANSCRIPTOMIC,Glycine max,ILLUMINA,2023-07-23T00:00:00Z,2023-07-20T10:04:00Z,1,GSM7653615,flowers,SRP450502,flowers,Low phosphate+water deficit
SRR25360848,RNA-Seq,300,7248612900,PRJNA996630,SAMN36630209,2294168761,"LSC 312, CHRISTOPHER S. BOND LIFE SCIENCES CENTER, THE DIVISION OF PLANT SCIENCES AND TECHNOLOGY",missing,public,"run.zq,fastq,sra","ncbi,gs,s3","gs.us-east1,s3.us-east-1,ncbi.public",SRX21100295,Magellan,uncalculated,uncalculated,missing,NextSeq 500,GSM7653614,PAIRED,cDNA,TRANSCRIPTOMIC,Glycine max,ILLUMINA,2023-07-23T00:00:00Z,2023-07-20T10:02:00Z,1,GSM7653614,flowers,SRP450502,flowers,Low phosphate+water deficit
SRR25360849,RNA-Seq,300,7368615900,PRJNA996630,SAMN36630210,2334974377,"LSC 312, CHRISTOPHER S. BOND LIFE SCIENCES CENTER, THE DIVISION OF PLANT SCIENCES AND TECHNOLOGY",missing,public,"sra,fastq,run.zq","gs,ncbi,s3","gs.us-east1,s3.us-east-1,ncbi.public",SRX21100294,Magellan,uncalculated,uncalculated,missing,NextSeq 500,GSM7653613,PAIRED,cDNA,TRANSCRIPTOMIC,Glycine max,ILLUMINA,2023-07-23T00:00:00Z,2023-07-20T10:06:00Z,1,GSM7653613,flowers,SRP450502,flowers,Low phosphate+water deficit
SRR25360851,RNA-Seq,300,6609357300,PRJNA996630,SAMN36630212,2088614747,"LSC 312, CHRISTOPHER S. BOND LIFE SCIENCES CENTER, THE DIVISION OF PLANT SCIENCES AND TECHNOLOGY",missing,public,"run.zq,sra,fastq","gs,ncbi,s3","gs.us-east1,ncbi.public,s3.us-east-1",SRX21100292,Magellan,uncalculated,uncalculated,missing,NextSeq 500,GSM7653611,PAIRED,cDNA,TRANSCRIPTOMIC,Glycine max,ILLUMINA,2023-07-23T00:00:00Z,2023-07-20T10:04:00Z,1,GSM7653611,flowers,SRP450502,flowers,Acidity+low phosphate
SRR25360852,RNA-Seq,300,6112939200,PRJNA996630,SAMN36630213,1932248415,"LSC 312, CHRISTOPHER S. BOND LIFE SCIENCES CENTER, THE DIVISION OF PLANT SCIENCES AND TECHNOLOGY",missing,public,"run.zq,sra,fastq","gs,s3,ncbi","s3.us-east-1,gs.us-east1,ncbi.public",SRX21100291,Magellan,uncalculated,uncalculated,missing,NextSeq 500,GSM7653610,PAIRED,cDNA,TRANSCRIPTOMIC,Glycine max,ILLUMINA,2023-07-23T00:00:00Z,2023-07-20T10:06:00Z,1,GSM7653610,flowers,SRP450502,flowers,Acidity+low phosphate
SRR25360853,RNA-Seq,300,6548958600,PRJNA996630,SAMN36630214,2093924439,"LSC 312, CHRISTOPHER S. BOND LIFE SCIENCES CENTER, THE DIVISION OF PLANT SCIENCES AND TECHNOLOGY",missing,public,"sra,fastq,run.zq","gs,ncbi,s3","s3.us-east-1,ncbi.public,gs.us-east1",SRX21100290,Magellan,uncalculated,uncalculated,missing,NextSeq 500,GSM7653609,PAIRED,cDNA,TRANSCRIPTOMIC,Glycine max,ILLUMINA,2023-07-23T00:00:00Z,2023-07-20T10:06:00Z,1,GSM7653609,flowers,SRP450502,flowers,Acidity+water deficit
SRR25360854,RNA-Seq,300,6466063200,PRJNA996630,SAMN36630215,2083358672,"LSC 312, CHRISTOPHER S. BOND LIFE SCIENCES CENTER, THE DIVISION OF PLANT SCIENCES AND TECHNOLOGY",missing,public,"fastq,run.zq,sra","s3,ncbi,gs","ncbi.public,s3.us-east-1,gs.us-east1",SRX21100289,Magellan,uncalculated,uncalculated,missing,NextSeq 500,GSM7653608,PAIRED,cDNA,TRANSCRIPTOMIC,Glycine max,ILLUMINA,2023-07-23T00:00:00Z,2023-07-20T10:04:00Z,1,GSM7653608,flowers,SRP450502,flowers,Acidity+water deficit
SRR25360855,RNA-Seq,300,6846713700,PRJNA996630,SAMN36630216,2163654957,"LSC 312, CHRISTOPHER S. BOND LIFE SCIENCES CENTER, THE DIVISION OF PLANT SCIENCES AND TECHNOLOGY",missing,public,"fastq,sra,run.zq","s3,gs,ncbi","s3.us-east-1,gs.us-east1,ncbi.public",SRX21100288,Magellan,uncalculated,uncalculated,missing,NextSeq 500,GSM7653607,PAIRED,cDNA,TRANSCRIPTOMIC,Glycine max,ILLUMINA,2023-07-23T00:00:00Z,2023-07-20T10:08:00Z,1,GSM7653607,flowers,SRP450502,flowers,Acidity+water deficit
SRR25360856,RNA-Seq,300,6904070400,PRJNA996630,SAMN36630217,2211707686,"LSC 312, CHRISTOPHER S. BOND LIFE SCIENCES CENTER, THE DIVISION OF PLANT SCIENCES AND TECHNOLOGY",missing,public,"sra,run.zq,fastq","gs,s3,ncbi","gs.us-east1,ncbi.public,s3.us-east-1",SRX21100287,Magellan,uncalculated,uncalculated,missing,NextSeq 500,GSM7653606,PAIRED,cDNA,TRANSCRIPTOMIC,Glycine max,ILLUMINA,2023-07-23T00:00:00Z,2023-07-20T10:06:00Z,1,GSM7653606,flowers,SRP450502,flowers,Salinity+low phosphate
SRR25360857,RNA-Seq,300,7604091600,PRJNA996630,SAMN36630218,2433983729,"LSC 312, CHRISTOPHER S. BOND LIFE SCIENCES CENTER, THE DIVISION OF PLANT SCIENCES AND TECHNOLOGY",missing,public,"sra,fastq,run.zq","ncbi,gs,s3","gs.us-east1,s3.us-east-1,ncbi.public",SRX21100286,Magellan,uncalculated,uncalculated,missing,NextSeq 500,GSM7653605,PAIRED,cDNA,TRANSCRIPTOMIC,Glycine max,ILLUMINA,2023-07-23T00:00:00Z,2023-07-20T10:03:00Z,1,GSM7653605,flowers,SRP450502,flowers,Salinity+low phosphate
SRR25360858,RNA-Seq,300,6489767100,PRJNA996630,SAMN36630219,2052503285,"LSC 312, CHRISTOPHER S. BOND LIFE SCIENCES CENTER, THE DIVISION OF PLANT SCIENCES AND TECHNOLOGY",missing,public,"sra,run.zq,fastq","ncbi,gs,s3","s3.us-east-1,gs.us-east1,ncbi.public",SRX21100285,Magellan,uncalculated,uncalculated,missing,NextSeq 500,GSM7653604,PAIRED,cDNA,TRANSCRIPTOMIC,Glycine max,ILLUMINA,2023-07-23T00:00:00Z,2023-07-20T10:06:00Z,1,GSM7653604,flowers,SRP450502,flowers,Salinity+low phosphate
SRR25360859,RNA-Seq,300,6128812800,PRJNA996630,SAMN36630220,1971384506,"LSC 312, CHRISTOPHER S. BOND LIFE SCIENCES CENTER, THE DIVISION OF PLANT SCIENCES AND TECHNOLOGY",missing,public,"run.zq,fastq,sra","gs,ncbi,s3","gs.us-east1,s3.us-east-1,ncbi.public",SRX21100284,Magellan,uncalculated,uncalculated,missing,NextSeq 500,GSM7653603,PAIRED,cDNA,TRANSCRIPTOMIC,Glycine max,ILLUMINA,2023-07-23T00:00:00Z,2023-07-20T10:03:00Z,1,GSM7653603,flowers,SRP450502,flowers,Salinity+water deficit
SRR25360860,RNA-Seq,300,6886181400,PRJNA996630,SAMN36630221,2190209362,"LSC 312, CHRISTOPHER S. BOND LIFE SCIENCES CENTER, THE DIVISION OF PLANT SCIENCES AND TECHNOLOGY",missing,public,"sra,run.zq,fastq","s3,gs,ncbi","ncbi.public,gs.us-east1,s3.us-east-1",SRX21100283,Magellan,uncalculated,uncalculated,missing,NextSeq 500,GSM7653602,PAIRED,cDNA,TRANSCRIPTOMIC,Glycine max,ILLUMINA,2023-07-23T00:00:00Z,2023-07-20T10:06:00Z,1,GSM7653602,flowers,SRP450502,flowers,Salinity+water deficit
SRR25360861,RNA-Seq,300,6922281300,PRJNA996630,SAMN36630222,2213495552,"LSC 312, CHRISTOPHER S. BOND LIFE SCIENCES CENTER, THE DIVISION OF PLANT SCIENCES AND TECHNOLOGY",missing,public,"run.zq,fastq,sra","s3,ncbi,gs","s3.us-east-1,gs.us-east1,ncbi.public",SRX21100282,Magellan,uncalculated,uncalculated,missing,NextSeq 500,GSM7653601,PAIRED,cDNA,TRANSCRIPTOMIC,Glycine max,ILLUMINA,2023-07-23T00:00:00Z,2023-07-20T10:02:00Z,1,GSM7653601,flowers,SRP450502,flowers,Salinity+water deficit
SRR25360862,RNA-Seq,300,6939934200,PRJNA996630,SAMN36630223,2216075302,"LSC 312, CHRISTOPHER S. BOND LIFE SCIENCES CENTER, THE DIVISION OF PLANT SCIENCES AND TECHNOLOGY",missing,public,"sra,run.zq,fastq","ncbi,gs,s3","ncbi.public,gs.us-east1,s3.us-east-1",SRX21100281,Magellan,uncalculated,uncalculated,missing,NextSeq 500,GSM7653600,PAIRED,cDNA,TRANSCRIPTOMIC,Glycine max,ILLUMINA,2023-07-23T00:00:00Z,2023-07-20T10:10:00Z,1,GSM7653600,flowers,SRP450502,flowers,Salinity+acidity
SRR25360863,RNA-Seq,300,7425141000,PRJNA996630,SAMN36630224,2375783329,"LSC 312, CHRISTOPHER S. BOND LIFE SCIENCES CENTER, THE DIVISION OF PLANT SCIENCES AND TECHNOLOGY",missing,public,"fastq,sra,run.zq","s3,gs,ncbi","gs.us-east1,s3.us-east-1,ncbi.public",SRX21100280,Magellan,uncalculated,uncalculated,missing,NextSeq 500,GSM7653599,PAIRED,cDNA,TRANSCRIPTOMIC,Glycine max,ILLUMINA,2023-07-23T00:00:00Z,2023-07-20T10:05:00Z,1,GSM7653599,flowers,SRP450502,flowers,Salinity+acidity
SRR25360864,RNA-Seq,300,5997641400,PRJNA996630,SAMN36630225,1913634407,"LSC 312, CHRISTOPHER S. BOND LIFE SCIENCES CENTER, THE DIVISION OF PLANT SCIENCES AND TECHNOLOGY",missing,public,"run.zq,fastq,sra","s3,gs,ncbi","s3.us-east-1,ncbi.public,gs.us-east1",SRX21100279,Magellan,uncalculated,uncalculated,missing,NextSeq 500,GSM7653598,PAIRED,cDNA,TRANSCRIPTOMIC,Glycine max,ILLUMINA,2023-07-23T00:00:00Z,2023-07-20T10:05:00Z,1,GSM7653598,flowers,SRP450502,flowers,Salinity+acidity
SRR25360865,RNA-Seq,300,6555062400,PRJNA996630,SAMN36630226,2090986010,"LSC 312, CHRISTOPHER S. BOND LIFE SCIENCES CENTER, THE DIVISION OF PLANT SCIENCES AND TECHNOLOGY",missing,public,"run.zq,sra,fastq","gs,s3,ncbi","gs.us-east1,s3.us-east-1,ncbi.public",SRX21100278,Magellan,uncalculated,uncalculated,missing,NextSeq 500,GSM7653597,PAIRED,cDNA,TRANSCRIPTOMIC,Glycine max,ILLUMINA,2023-07-23T00:00:00Z,2023-07-20T10:06:00Z,1,GSM7653597,flowers,SRP450502,flowers,Cadmium (300 uM CdCl2)
SRR25360867,RNA-Seq,300,6566031000,PRJNA996630,SAMN36630228,2062785023,"LSC 312, CHRISTOPHER S. BOND LIFE SCIENCES CENTER, THE DIVISION OF PLANT SCIENCES AND TECHNOLOGY",missing,public,"sra,run.zq,fastq","ncbi,gs,s3","s3.us-east-1,ncbi.public,gs.us-east1",SRX21100276,Magellan,uncalculated,uncalculated,missing,NextSeq 500,GSM7653595,PAIRED,cDNA,TRANSCRIPTOMIC,Glycine max,ILLUMINA,2023-07-23T00:00:00Z,2023-07-20T10:07:00Z,1,GSM7653595,flowers,SRP450502,flowers,Cadmium (300 uM CdCl2)
SRR25360868,RNA-Seq,300,7555824900,PRJNA996630,SAMN36630229,2400251669,"LSC 312, CHRISTOPHER S. BOND LIFE SCIENCES CENTER, THE DIVISION OF PLANT SCIENCES AND TECHNOLOGY",missing,public,"fastq,sra,run.zq","ncbi,s3,gs","s3.us-east-1,ncbi.public,gs.us-east1",SRX21100275,Magellan,uncalculated,uncalculated,missing,NextSeq 500,GSM7653594,PAIRED,cDNA,TRANSCRIPTOMIC,Glycine max,ILLUMINA,2023-07-23T00:00:00Z,2023-07-20T10:06:00Z,1,GSM7653594,flowers,SRP450502,flowers,Water deficit (30% of the water available for transpiration)
SRR25360869,RNA-Seq,300,7172462100,PRJNA996630,SAMN36630230,2281035916,"LSC 312, CHRISTOPHER S. BOND LIFE SCIENCES CENTER, THE DIVISION OF PLANT SCIENCES AND TECHNOLOGY",missing,public,"fastq,run.zq,sra","gs,s3,ncbi","ncbi.public,s3.us-east-1,gs.us-east1",SRX21100274,Magellan,uncalculated,uncalculated,missing,NextSeq 500,GSM7653593,PAIRED,cDNA,TRANSCRIPTOMIC,Glycine max,ILLUMINA,2023-07-23T00:00:00Z,2023-07-20T10:09:00Z,1,GSM7653593,flowers,SRP450502,flowers,Water deficit (30% of the water available for transpiration)
SRR25360870,RNA-Seq,300,6586488000,PRJNA996630,SAMN36630231,2097083064,"LSC 312, CHRISTOPHER S. BOND LIFE SCIENCES CENTER, THE DIVISION OF PLANT SCIENCES AND TECHNOLOGY",missing,public,"run.zq,fastq,sra","gs,ncbi,s3","s3.us-east-1,gs.us-east1,ncbi.public",SRX21100273,Magellan,uncalculated,uncalculated,missing,NextSeq 500,GSM7653592,PAIRED,cDNA,TRANSCRIPTOMIC,Glycine max,ILLUMINA,2023-07-23T00:00:00Z,2023-07-20T10:04:00Z,1,GSM7653592,flowers,SRP450502,flowers,Water deficit (30% of the water available for transpiration)
SRR25360871,RNA-Seq,300,6208042800,PRJNA996630,SAMN36630232,1980699270,"LSC 312, CHRISTOPHER S. BOND LIFE SCIENCES CENTER, THE DIVISION OF PLANT SCIENCES AND TECHNOLOGY",missing,public,"fastq,sra,run.zq","s3,gs,ncbi","gs.us-east1,s3.us-east-1,ncbi.public",SRX21100272,Magellan,uncalculated,uncalculated,missing,NextSeq 500,GSM7653591,PAIRED,cDNA,TRANSCRIPTOMIC,Glycine max,ILLUMINA,2023-07-23T00:00:00Z,2023-07-20T10:03:00Z,1,GSM7653591,flowers,SRP450502,flowers,Acidity (pH 4)
SRR25360872,RNA-Seq,300,6073245900,PRJNA996630,SAMN36630233,1935492513,"LSC 312, CHRISTOPHER S. BOND LIFE SCIENCES CENTER, THE DIVISION OF PLANT SCIENCES AND TECHNOLOGY",missing,public,"sra,run.zq,fastq","s3,ncbi,gs","ncbi.public,gs.us-east1,s3.us-east-1",SRX21100271,Magellan,uncalculated,uncalculated,missing,NextSeq 500,GSM7653590,PAIRED,cDNA,TRANSCRIPTOMIC,Glycine max,ILLUMINA,2023-07-23T00:00:00Z,2023-07-20T10:04:00Z,1,GSM7653590,flowers,SRP450502,flowers,Acidity (pH 4)
SRR25360873,RNA-Seq,300,6952853700,PRJNA996630,SAMN36630234,2229614142,"LSC 312, CHRISTOPHER S. BOND LIFE SCIENCES CENTER, THE DIVISION OF PLANT SCIENCES AND TECHNOLOGY",missing,public,"sra,run.zq,fastq","s3,ncbi,gs","gs.us-east1,s3.us-east-1,ncbi.public",SRX21100270,Magellan,uncalculated,uncalculated,missing,NextSeq 500,GSM7653589,PAIRED,cDNA,TRANSCRIPTOMIC,Glycine max,ILLUMINA,2023-07-23T00:00:00Z,2023-07-20T10:06:00Z,1,GSM7653589,flowers,SRP450502,flowers,Acidity (pH 4)
SRR25360874,RNA-Seq,300,6581166900,PRJNA996630,SAMN36630235,2100871690,"LSC 312, CHRISTOPHER S. BOND LIFE SCIENCES CENTER, THE DIVISION OF PLANT SCIENCES AND TECHNOLOGY",missing,public,"sra,run.zq,fastq","s3,gs,ncbi","s3.us-east-1,ncbi.public,gs.us-east1",SRX21100269,Magellan,uncalculated,uncalculated,missing,NextSeq 500,GSM7653588,PAIRED,cDNA,TRANSCRIPTOMIC,Glycine max,ILLUMINA,2023-07-23T00:00:00Z,2023-07-20T10:07:00Z,1,GSM7653588,flowers,SRP450502,flowers,Low phosphate (phosphate concentration was reduced by 90%)
SRR25360875,RNA-Seq,300,6205775100,PRJNA996630,SAMN36630236,1977398421,"LSC 312, CHRISTOPHER S. BOND LIFE SCIENCES CENTER, THE DIVISION OF PLANT SCIENCES AND TECHNOLOGY",missing,public,"run.zq,fastq,sra","s3,ncbi,gs","s3.us-east-1,gs.us-east1,ncbi.public",SRX21100268,Magellan,uncalculated,uncalculated,missing,NextSeq 500,GSM7653587,PAIRED,cDNA,TRANSCRIPTOMIC,Glycine max,ILLUMINA,2023-07-23T00:00:00Z,2023-07-20T10:08:00Z,1,GSM7653587,flowers,SRP450502,flowers,Low phosphate (phosphate concentration was reduced by 90%)
SRR25360876,RNA-Seq,300,6922834200,PRJNA996630,SAMN36630237,2183070292,"LSC 312, CHRISTOPHER S. BOND LIFE SCIENCES CENTER, THE DIVISION OF PLANT SCIENCES AND TECHNOLOGY",missing,public,"run.zq,fastq,sra","s3,ncbi,gs","s3.us-east-1,ncbi.public,gs.us-east1",SRX21100267,Magellan,uncalculated,uncalculated,missing,NextSeq 500,GSM7653586,PAIRED,cDNA,TRANSCRIPTOMIC,Glycine max,ILLUMINA,2023-07-23T00:00:00Z,2023-07-20T10:08:00Z,1,GSM7653586,flowers,SRP450502,flowers,Low phosphate (phosphate concentration was reduced by 90%)
SRR25360878,RNA-Seq,300,6883371300,PRJNA996630,SAMN36630239,2197141599,"LSC 312, CHRISTOPHER S. BOND LIFE SCIENCES CENTER, THE DIVISION OF PLANT SCIENCES AND TECHNOLOGY",missing,public,"run.zq,fastq,sra","ncbi,gs,s3","s3.us-east-1,ncbi.public,gs.us-east1",SRX21100265,Magellan,uncalculated,uncalculated,missing,NextSeq 500,GSM7653584,PAIRED,cDNA,TRANSCRIPTOMIC,Glycine max,ILLUMINA,2023-07-23T00:00:00Z,2023-07-20T10:04:00Z,1,GSM7653584,flowers,SRP450502,flowers,Salinity (15 mM NaCl)
SRR25360879,RNA-Seq,300,7187928600,PRJNA996630,SAMN36630240,2280637323,"LSC 312, CHRISTOPHER S. BOND LIFE SCIENCES CENTER, THE DIVISION OF PLANT SCIENCES AND TECHNOLOGY",missing,public,"fastq,sra,run.zq","gs,ncbi,s3","ncbi.public,s3.us-east-1,gs.us-east1",SRX21100264,Magellan,uncalculated,uncalculated,missing,NextSeq 500,GSM7653583,PAIRED,cDNA,TRANSCRIPTOMIC,Glycine max,ILLUMINA,2023-07-23T00:00:00Z,2023-07-20T10:06:00Z,1,GSM7653583,flowers,SRP450502,flowers,Salinity (15 mM NaCl)
SRR25360880,RNA-Seq,300,6475745100,PRJNA996630,SAMN36630241,2098595712,"LSC 312, CHRISTOPHER S. BOND LIFE SCIENCES CENTER, THE DIVISION OF PLANT SCIENCES AND TECHNOLOGY",missing,public,"fastq,run.zq,sra","ncbi,gs,s3","gs.us-east1,ncbi.public,s3.us-east-1",SRX21100263,Magellan,uncalculated,uncalculated,missing,NextSeq 500,GSM7653582,PAIRED,cDNA,TRANSCRIPTOMIC,Glycine max,ILLUMINA,2023-07-23T00:00:00Z,2023-07-20T10:06:00Z,1,GSM7653582,flowers,SRP450502,flowers,No treatment
SRR25360881,RNA-Seq,300,6059997600,PRJNA996630,SAMN36630242,1931224997,"LSC 312, CHRISTOPHER S. BOND LIFE SCIENCES CENTER, THE DIVISION OF PLANT SCIENCES AND TECHNOLOGY",missing,public,"sra,fastq,run.zq","ncbi,gs,s3","gs.us-east1,ncbi.public,s3.us-east-1",SRX21100262,Magellan,uncalculated,uncalculated,missing,NextSeq 500,GSM7653581,PAIRED,cDNA,TRANSCRIPTOMIC,Glycine max,ILLUMINA,2023-07-23T00:00:00Z,2023-07-20T10:03:00Z,1,GSM7653581,flowers,SRP450502,flowers,No treatment
SRR25360882,RNA-Seq,300,6233094300,PRJNA996630,SAMN36630243,2005849726,"LSC 312, CHRISTOPHER S. BOND LIFE SCIENCES CENTER, THE DIVISION OF PLANT SCIENCES AND TECHNOLOGY",missing,public,"run.zq,fastq,sra","s3,gs,ncbi","ncbi.public,s3.us-east-1,gs.us-east1",SRX21100261,Magellan,uncalculated,uncalculated,missing,NextSeq 500,GSM7653580,PAIRED,cDNA,TRANSCRIPTOMIC,Glycine max,ILLUMINA,2023-07-23T00:00:00Z,2023-07-20T10:11:00Z,1,GSM7653580,flowers,SRP450502,flowers,No treatment
SRR25360883,RNA-Seq,300,6507849000,PRJNA996630,SAMN36630244,2218999459,"LSC 312, CHRISTOPHER S. BOND LIFE SCIENCES CENTER, THE DIVISION OF PLANT SCIENCES AND TECHNOLOGY",missing,public,"run.zq,sra,fastq","gs,ncbi,s3","gs.us-east1,s3.us-east-1,ncbi.public",SRX21100260,Magellan,uncalculated,uncalculated,missing,NextSeq 500,GSM7653579,PAIRED,cDNA,TRANSCRIPTOMIC,Glycine max,ILLUMINA,2023-07-23T00:00:00Z,2023-07-20T10:06:00Z,1,GSM7653579,leaves,SRP450502,leaves,Acidity+water deficit+low phosphate+salinity+cadmium
SRR25360884,RNA-Seq,300,6699855300,PRJNA996630,SAMN36630245,2252477303,"LSC 312, CHRISTOPHER S. BOND LIFE SCIENCES CENTER, THE DIVISION OF PLANT SCIENCES AND TECHNOLOGY",missing,public,"sra,fastq,run.zq","ncbi,s3,gs","s3.us-east-1,gs.us-east1,ncbi.public",SRX21100259,Magellan,uncalculated,uncalculated,missing,NextSeq 500,GSM7653578,PAIRED,cDNA,TRANSCRIPTOMIC,Glycine max,ILLUMINA,2023-07-23T00:00:00Z,2023-07-20T10:05:00Z,1,GSM7653578,leaves,SRP450502,leaves,Acidity+water deficit+low phosphate+salinity+cadmium
SRR25360885,RNA-Seq,300,6481890600,PRJNA996630,SAMN36630246,2197633764,"LSC 312, CHRISTOPHER S. BOND LIFE SCIENCES CENTER, THE DIVISION OF PLANT SCIENCES AND TECHNOLOGY",missing,public,"fastq,run.zq,sra","gs,ncbi,s3","gs.us-east1,ncbi.public,s3.us-east-1",SRX21100258,Magellan,uncalculated,uncalculated,missing,NextSeq 500,GSM7653577,PAIRED,cDNA,TRANSCRIPTOMIC,Glycine max,ILLUMINA,2023-07-23T00:00:00Z,2023-07-20T10:04:00Z,1,GSM7653577,leaves,SRP450502,leaves,Acidity+water deficit+low phosphate+salinity+cadmium
SRR25360886,RNA-Seq,300,6581470500,PRJNA996630,SAMN36630247,2257441796,"LSC 312, CHRISTOPHER S. BOND LIFE SCIENCES CENTER, THE DIVISION OF PLANT SCIENCES AND TECHNOLOGY",missing,public,"fastq,run.zq,sra","gs,s3,ncbi","ncbi.public,gs.us-east1,s3.us-east-1",SRX21100257,Magellan,uncalculated,uncalculated,missing,NextSeq 500,GSM7653576,PAIRED,cDNA,TRANSCRIPTOMIC,Glycine max,ILLUMINA,2023-07-23T00:00:00Z,2023-07-20T10:09:00Z,1,GSM7653576,leaves,SRP450502,leaves,Acidity+water deficit+low phosphate+salinity
SRR25360887,RNA-Seq,300,6916224900,PRJNA996630,SAMN36630248,2372946689,"LSC 312, CHRISTOPHER S. BOND LIFE SCIENCES CENTER, THE DIVISION OF PLANT SCIENCES AND TECHNOLOGY",missing,public,"fastq,sra,run.zq","ncbi,s3,gs","s3.us-east-1,gs.us-east1,ncbi.public",SRX21100256,Magellan,uncalculated,uncalculated,missing,NextSeq 500,GSM7653575,PAIRED,cDNA,TRANSCRIPTOMIC,Glycine max,ILLUMINA,2023-07-23T00:00:00Z,2023-07-20T10:16:00Z,1,GSM7653575,leaves,SRP450502,leaves,Acidity+water deficit+low phosphate+salinity
SRR25360894,RNA-Seq,300,6946260600,PRJNA996630,SAMN36630255,2361098292,"LSC 312, CHRISTOPHER S. BOND LIFE SCIENCES CENTER, THE DIVISION OF PLANT SCIENCES AND TECHNOLOGY",missing,public,"fastq,sra,run.zq","s3,gs,ncbi","s3.us-east-1,ncbi.public,gs.us-east1",SRX21100249,Magellan,uncalculated,uncalculated,missing,NextSeq 500,GSM7653568,PAIRED,cDNA,TRANSCRIPTOMIC,Glycine max,ILLUMINA,2023-07-23T00:00:00Z,2023-07-20T10:08:00Z,1,GSM7653568,leaves,SRP450502,leaves,Salinity+water deficit+low phosphate
SRR25360895,RNA-Seq,300,6368044200,PRJNA996630,SAMN36630256,2139882643,"LSC 312, CHRISTOPHER S. BOND LIFE SCIENCES CENTER, THE DIVISION OF PLANT SCIENCES AND TECHNOLOGY",missing,public,"fastq,sra,run.zq","gs,s3,ncbi","gs.us-east1,ncbi.public,s3.us-east-1",SRX21100248,Magellan,uncalculated,uncalculated,missing,NextSeq 500,GSM7653567,PAIRED,cDNA,TRANSCRIPTOMIC,Glycine max,ILLUMINA,2023-07-23T00:00:00Z,2023-07-20T10:09:00Z,1,GSM7653567,leaves,SRP450502,leaves,Salinity+acidity+low phosphate
SRR25360896,RNA-Seq,300,6093765900,PRJNA996630,SAMN36630257,2036771136,"LSC 312, CHRISTOPHER S. BOND LIFE SCIENCES CENTER, THE DIVISION OF PLANT SCIENCES AND TECHNOLOGY",missing,public,"sra,fastq,run.zq","ncbi,s3,gs","s3.us-east-1,gs.us-east1,ncbi.public",SRX21100247,Magellan,uncalculated,uncalculated,missing,NextSeq 500,GSM7653566,PAIRED,cDNA,TRANSCRIPTOMIC,Glycine max,ILLUMINA,2023-07-23T00:00:00Z,2023-07-20T10:03:00Z,1,GSM7653566,leaves,SRP450502,leaves,Salinity+acidity+low phosphate
SRR25360897,RNA-Seq,300,6789177900,PRJNA996630,SAMN36630258,2273721283,"LSC 312, CHRISTOPHER S. BOND LIFE SCIENCES CENTER, THE DIVISION OF PLANT SCIENCES AND TECHNOLOGY",missing,public,"run.zq,fastq,sra","s3,gs,ncbi","ncbi.public,s3.us-east-1,gs.us-east1",SRX21100246,Magellan,uncalculated,uncalculated,missing,NextSeq 500,GSM7653565,PAIRED,cDNA,TRANSCRIPTOMIC,Glycine max,ILLUMINA,2023-07-23T00:00:00Z,2023-07-20T10:05:00Z,1,GSM7653565,leaves,SRP450502,leaves,Salinity+acidity+low phosphate
SRR25360898,RNA-Seq,300,6859237800,PRJNA996630,SAMN36630259,2294827587,"LSC 312, CHRISTOPHER S. BOND LIFE SCIENCES CENTER, THE DIVISION OF PLANT SCIENCES AND TECHNOLOGY",missing,public,"run.zq,fastq,sra","s3,ncbi,gs","gs.us-east1,s3.us-east-1,ncbi.public",SRX21100245,Magellan,uncalculated,uncalculated,missing,NextSeq 500,GSM7653564,PAIRED,cDNA,TRANSCRIPTOMIC,Glycine max,ILLUMINA,2023-07-23T00:00:00Z,2023-07-20T10:12:00Z,1,GSM7653564,leaves,SRP450502,leaves,Salinity+acidity+water deficit
SRR25360901,RNA-Seq,300,6950402400,PRJNA996630,SAMN36630262,2342279518,"LSC 312, CHRISTOPHER S. BOND LIFE SCIENCES CENTER, THE DIVISION OF PLANT SCIENCES AND TECHNOLOGY",missing,public,"fastq,run.zq,sra","ncbi,gs,s3","s3.us-east-1,ncbi.public,gs.us-east1",SRX21100242,Magellan,uncalculated,uncalculated,missing,NextSeq 500,GSM7653561,PAIRED,cDNA,TRANSCRIPTOMIC,Glycine max,ILLUMINA,2023-07-23T00:00:00Z,2023-07-20T10:08:00Z,1,GSM7653561,leaves,SRP450502,leaves,Low phosphate+water deficit
SRR25360902,RNA-Seq,300,6301507200,PRJNA996630,SAMN36630263,2128026791,"LSC 312, CHRISTOPHER S. BOND LIFE SCIENCES CENTER, THE DIVISION OF PLANT SCIENCES AND TECHNOLOGY",missing,public,"sra,run.zq,fastq","gs,s3,ncbi","gs.us-east1,s3.us-east-1,ncbi.public",SRX21100241,Magellan,uncalculated,uncalculated,missing,NextSeq 500,GSM7653560,PAIRED,cDNA,TRANSCRIPTOMIC,Glycine max,ILLUMINA,2023-07-23T00:00:00Z,2023-07-20T10:06:00Z,1,GSM7653560,leaves,SRP450502,leaves,Low phosphate+water deficit
SRR25360904,RNA-Seq,300,6825986100,PRJNA996630,SAMN36630265,2285932684,"LSC 312, CHRISTOPHER S. BOND LIFE SCIENCES CENTER, THE DIVISION OF PLANT SCIENCES AND TECHNOLOGY",missing,public,"sra,fastq,run.zq","ncbi,s3,gs","s3.us-east-1,gs.us-east1,ncbi.public",SRX21100239,Magellan,uncalculated,uncalculated,missing,NextSeq 500,GSM7653558,PAIRED,cDNA,TRANSCRIPTOMIC,Glycine max,ILLUMINA,2023-07-23T00:00:00Z,2023-07-20T10:14:00Z,1,GSM7653558,leaves,SRP450502,leaves,Acidity+low phosphate
SRR25360907,RNA-Seq,300,7111035300,PRJNA996630,SAMN36630268,2393832290,"LSC 312, CHRISTOPHER S. BOND LIFE SCIENCES CENTER, THE DIVISION OF PLANT SCIENCES AND TECHNOLOGY",missing,public,"run.zq,fastq,sra","gs,ncbi,s3","ncbi.public,gs.us-east1,s3.us-east-1",SRX21100236,Magellan,uncalculated,uncalculated,missing,NextSeq 500,GSM7653555,PAIRED,cDNA,TRANSCRIPTOMIC,Glycine max,ILLUMINA,2023-07-23T00:00:00Z,2023-07-20T10:11:00Z,1,GSM7653555,leaves,SRP450502,leaves,Acidity+water deficit
SRR25360908,RNA-Seq,300,7281506700,PRJNA996630,SAMN36630269,2479121768,"LSC 312, CHRISTOPHER S. BOND LIFE SCIENCES CENTER, THE DIVISION OF PLANT SCIENCES AND TECHNOLOGY",missing,public,"sra,fastq,run.zq","s3,gs,ncbi","s3.us-east-1,ncbi.public,gs.us-east1",SRX21100235,Magellan,uncalculated,uncalculated,missing,NextSeq 500,GSM7653554,PAIRED,cDNA,TRANSCRIPTOMIC,Glycine max,ILLUMINA,2023-07-23T00:00:00Z,2023-07-20T10:08:00Z,1,GSM7653554,leaves,SRP450502,leaves,Acidity+water deficit
SRR25360909,RNA-Seq,300,6749039400,PRJNA996630,SAMN36630270,2302033151,"LSC 312, CHRISTOPHER S. BOND LIFE SCIENCES CENTER, THE DIVISION OF PLANT SCIENCES AND TECHNOLOGY",missing,public,"run.zq,sra,fastq","s3,ncbi,gs","gs.us-east1,s3.us-east-1,ncbi.public",SRX21100234,Magellan,uncalculated,uncalculated,missing,NextSeq 500,GSM7653553,PAIRED,cDNA,TRANSCRIPTOMIC,Glycine max,ILLUMINA,2023-07-23T00:00:00Z,2023-07-20T10:04:00Z,1,GSM7653553,leaves,SRP450502,leaves,Acidity+water deficit
SRR25360910,RNA-Seq,300,7537534500,PRJNA996630,SAMN36630271,2557403625,"LSC 312, CHRISTOPHER S. BOND LIFE SCIENCES CENTER, THE DIVISION OF PLANT SCIENCES AND TECHNOLOGY",missing,public,"sra,run.zq,fastq","ncbi,gs,s3","s3.us-east-1,gs.us-east1,ncbi.public",SRX21100233,Magellan,uncalculated,uncalculated,missing,NextSeq 500,GSM7653552,PAIRED,cDNA,TRANSCRIPTOMIC,Glycine max,ILLUMINA,2023-07-23T00:00:00Z,2023-07-20T10:13:00Z,1,GSM7653552,leaves,SRP450502,leaves,Salinity+low phosphate
SRR25360911,RNA-Seq,300,7689859200,PRJNA996630,SAMN36630272,2604003217,"LSC 312, CHRISTOPHER S. BOND LIFE SCIENCES CENTER, THE DIVISION OF PLANT SCIENCES AND TECHNOLOGY",missing,public,"run.zq,fastq,sra","gs,s3,ncbi","s3.us-east-1,gs.us-east1,ncbi.public",SRX21100232,Magellan,uncalculated,uncalculated,missing,NextSeq 500,GSM7653551,PAIRED,cDNA,TRANSCRIPTOMIC,Glycine max,ILLUMINA,2023-07-23T00:00:00Z,2023-07-20T10:06:00Z,1,GSM7653551,leaves,SRP450502,leaves,Salinity+low phosphate
SRR25360912,RNA-Seq,300,6327454200,PRJNA996630,SAMN36630273,2107584811,"LSC 312, CHRISTOPHER S. BOND LIFE SCIENCES CENTER, THE DIVISION OF PLANT SCIENCES AND TECHNOLOGY",missing,public,"fastq,run.zq,sra","ncbi,gs,s3","ncbi.public,gs.us-east1,s3.us-east-1",SRX21100231,Magellan,uncalculated,uncalculated,missing,NextSeq 500,GSM7653550,PAIRED,cDNA,TRANSCRIPTOMIC,Glycine max,ILLUMINA,2023-07-23T00:00:00Z,2023-07-20T10:08:00Z,1,GSM7653550,leaves,SRP450502,leaves,Salinity+low phosphate
SRR25360920,RNA-Seq,300,6776508900,PRJNA996630,SAMN36630281,2297435907,"LSC 312, CHRISTOPHER S. BOND LIFE SCIENCES CENTER, THE DIVISION OF PLANT SCIENCES AND TECHNOLOGY",missing,public,"sra,run.zq,fastq","ncbi,gs,s3","ncbi.public,gs.us-east1,s3.us-east-1",SRX21100223,Magellan,uncalculated,uncalculated,missing,NextSeq 500,GSM7653542,PAIRED,cDNA,TRANSCRIPTOMIC,Glycine max,ILLUMINA,2023-07-23T00:00:00Z,2023-07-20T10:13:00Z,1,GSM7653542,leaves,SRP450502,leaves,Cadmium (300 uM CdCl2)
SRR25360921,RNA-Seq,300,7654275000,PRJNA996630,SAMN36630282,2594148685,"LSC 312, CHRISTOPHER S. BOND LIFE SCIENCES CENTER, THE DIVISION OF PLANT SCIENCES AND TECHNOLOGY",missing,public,"sra,run.zq,fastq","gs,ncbi,s3","ncbi.public,s3.us-east-1,gs.us-east1",SRX21100222,Magellan,uncalculated,uncalculated,missing,NextSeq 500,GSM7653541,PAIRED,cDNA,TRANSCRIPTOMIC,Glycine max,ILLUMINA,2023-07-23T00:00:00Z,2023-07-20T10:09:00Z,1,GSM7653541,leaves,SRP450502,leaves,Cadmium (300 uM CdCl2)
SRR25360922,RNA-Seq,300,6412641900,PRJNA996630,SAMN36630283,2224466833,"LSC 312, CHRISTOPHER S. BOND LIFE SCIENCES CENTER, THE DIVISION OF PLANT SCIENCES AND TECHNOLOGY",missing,public,"sra,run.zq,fastq","s3,ncbi,gs","gs.us-east1,ncbi.public,s3.us-east-1",SRX21100221,Magellan,uncalculated,uncalculated,missing,NextSeq 500,GSM7653540,PAIRED,cDNA,TRANSCRIPTOMIC,Glycine max,ILLUMINA,2023-07-23T00:00:00Z,2023-07-20T10:10:00Z,1,GSM7653540,leaves,SRP450502,leaves,Water deficit (30% of the water available for transpiration)
SRR25360923,RNA-Seq,300,6910350300,PRJNA996630,SAMN36630284,2352421232,"LSC 312, CHRISTOPHER S. BOND LIFE SCIENCES CENTER, THE DIVISION OF PLANT SCIENCES AND TECHNOLOGY",missing,public,"sra,fastq,run.zq","s3,gs,ncbi","ncbi.public,gs.us-east1,s3.us-east-1",SRX21100220,Magellan,uncalculated,uncalculated,missing,NextSeq 500,GSM7653539,PAIRED,cDNA,TRANSCRIPTOMIC,Glycine max,ILLUMINA,2023-07-23T00:00:00Z,2023-07-20T10:08:00Z,1,GSM7653539,leaves,SRP450502,leaves,Water deficit (30% of the water available for transpiration)
SRR25360924,RNA-Seq,300,6150392100,PRJNA996630,SAMN36630285,2101330308,"LSC 312, CHRISTOPHER S. BOND LIFE SCIENCES CENTER, THE DIVISION OF PLANT SCIENCES AND TECHNOLOGY",missing,public,"sra,run.zq,fastq","s3,ncbi,gs","ncbi.public,s3.us-east-1,gs.us-east1",SRX21100219,Magellan,uncalculated,uncalculated,missing,NextSeq 500,GSM7653538,PAIRED,cDNA,TRANSCRIPTOMIC,Glycine max,ILLUMINA,2023-07-23T00:00:00Z,2023-07-20T10:07:00Z,1,GSM7653538,leaves,SRP450502,leaves,Water deficit (30% of the water available for transpiration)
SRR25360925,RNA-Seq,300,7752507900,PRJNA996630,SAMN36630286,2683702295,"LSC 312, CHRISTOPHER S. BOND LIFE SCIENCES CENTER, THE DIVISION OF PLANT SCIENCES AND TECHNOLOGY",missing,public,"sra,run.zq,fastq","gs,ncbi,s3","gs.us-east1,ncbi.public,s3.us-east-1",SRX21100218,Magellan,uncalculated,uncalculated,missing,NextSeq 500,GSM7653537,PAIRED,cDNA,TRANSCRIPTOMIC,Glycine max,ILLUMINA,2023-07-23T00:00:00Z,2023-07-20T10:09:00Z,1,GSM7653537,leaves,SRP450502,leaves,Acidity (pH 4)
SRR25360926,RNA-Seq,300,7050087600,PRJNA996630,SAMN36630287,2493468623,"LSC 312, CHRISTOPHER S. BOND LIFE SCIENCES CENTER, THE DIVISION OF PLANT SCIENCES AND TECHNOLOGY",missing,public,"run.zq,fastq,sra","ncbi,s3,gs","s3.us-east-1,ncbi.public,gs.us-east1",SRX21100217,Magellan,uncalculated,uncalculated,missing,NextSeq 500,GSM7653536,PAIRED,cDNA,TRANSCRIPTOMIC,Glycine max,ILLUMINA,2023-07-23T00:00:00Z,2023-07-20T10:06:00Z,1,GSM7653536,leaves,SRP450502,leaves,Acidity (pH 4)
SRR25360927,RNA-Seq,300,6416352000,PRJNA996630,SAMN36630288,2173429012,"LSC 312, CHRISTOPHER S. BOND LIFE SCIENCES CENTER, THE DIVISION OF PLANT SCIENCES AND TECHNOLOGY",missing,public,"run.zq,fastq,sra","s3,gs,ncbi","ncbi.public,s3.us-east-1,gs.us-east1",SRX21100216,Magellan,uncalculated,uncalculated,missing,NextSeq 500,GSM7653535,PAIRED,cDNA,TRANSCRIPTOMIC,Glycine max,ILLUMINA,2023-07-23T00:00:00Z,2023-07-20T10:16:00Z,1,GSM7653535,leaves,SRP450502,leaves,Acidity (pH 4)
SRR25360928,RNA-Seq,300,8030060400,PRJNA996630,SAMN36630289,2872867867,"LSC 312, CHRISTOPHER S. BOND LIFE SCIENCES CENTER, THE DIVISION OF PLANT SCIENCES AND TECHNOLOGY",missing,public,"run.zq,sra,fastq","ncbi,gs,s3","ncbi.public,s3.us-east-1,gs.us-east1",SRX21100215,Magellan,uncalculated,uncalculated,missing,NextSeq 500,GSM7653534,PAIRED,cDNA,TRANSCRIPTOMIC,Glycine max,ILLUMINA,2023-07-23T00:00:00Z,2023-07-20T10:05:00Z,1,GSM7653534,leaves,SRP450502,leaves,Low phosphate (phosphate concentration was reduced by 90%)
SRR25360929,RNA-Seq,300,7168313100,PRJNA996630,SAMN36630290,2489551850,"LSC 312, CHRISTOPHER S. BOND LIFE SCIENCES CENTER, THE DIVISION OF PLANT SCIENCES AND TECHNOLOGY",missing,public,"sra,run.zq,fastq","s3,ncbi,gs","ncbi.public,s3.us-east-1,gs.us-east1",SRX21100214,Magellan,uncalculated,uncalculated,missing,NextSeq 500,GSM7653533,PAIRED,cDNA,TRANSCRIPTOMIC,Glycine max,ILLUMINA,2023-07-23T00:00:00Z,2023-07-20T10:08:00Z,1,GSM7653533,leaves,SRP450502,leaves,Low phosphate (phosphate concentration was reduced by 90%)
SRR25360930,RNA-Seq,300,8498308800,PRJNA996630,SAMN36630291,2885575594,"LSC 312, CHRISTOPHER S. BOND LIFE SCIENCES CENTER, THE DIVISION OF PLANT SCIENCES AND TECHNOLOGY",missing,public,"sra,fastq,run.zq","ncbi,gs,s3","s3.us-east-1,gs.us-east1,ncbi.public",SRX21100213,Magellan,uncalculated,uncalculated,missing,NextSeq 500,GSM7653532,PAIRED,cDNA,TRANSCRIPTOMIC,Glycine max,ILLUMINA,2023-07-23T00:00:00Z,2023-07-20T10:07:00Z,1,GSM7653532,leaves,SRP450502,leaves,Low phosphate (phosphate concentration was reduced by 90%)
SRR25360931,RNA-Seq,300,7076671500,PRJNA996630,SAMN36630292,2458662420,"LSC 312, CHRISTOPHER S. BOND LIFE SCIENCES CENTER, THE DIVISION OF PLANT SCIENCES AND TECHNOLOGY",missing,public,"fastq,run.zq,sra","gs,s3,ncbi","gs.us-east1,s3.us-east-1,ncbi.public",SRX21100212,Magellan,uncalculated,uncalculated,missing,NextSeq 500,GSM7653531,PAIRED,cDNA,TRANSCRIPTOMIC,Glycine max,ILLUMINA,2023-07-23T00:00:00Z,2023-07-20T10:09:00Z,1,GSM7653531,leaves,SRP450502,leaves,Salinity (15 mM NaCl)
SRR25360936,RNA-Seq,300,8073990900,PRJNA996630,SAMN36630297,2776142224,"LSC 312, CHRISTOPHER S. BOND LIFE SCIENCES CENTER, THE DIVISION OF PLANT SCIENCES AND TECHNOLOGY",missing,public,"sra,fastq,run.zq","ncbi,s3,gs","gs.us-east1,s3.us-east-1,ncbi.public",SRX21100207,Magellan,uncalculated,uncalculated,missing,NextSeq 500,GSM7653526,PAIRED,cDNA,TRANSCRIPTOMIC,Glycine max,ILLUMINA,2023-07-23T00:00:00Z,2023-07-20T10:09:00Z,1,GSM7653526,leaves,SRP450502,leaves,No treatment
